Name,Primary Contact Number,State
Banshidhar RoadlinesAhmedabad,9560453585,Gujarat
Makkar Transport Co.Abohar,9988801600,Punjab
Alok Trailor TransportAhmedabad,9161161166,Gujarat
Dhara Transport CompanyAhmedabad,9033628564,Delhi
Rajendra Road Transport Co.Ahmedabad,9327557162,Gujarat
Bharat Road CorporationAhmedabad,9376128841,Gujarat
Ahmedabad Mumbai Road CarrierAhmedabad,9376945121,Delhi
Parth Cargo MoversAhmedabad,9375015642,Gujarat
Gurukrupa RoadlinesAhmedabad,9909965566,Gujarat
Shree Karni LogisticsAhmedabad,9725003086,Delhi
Maruti Freight CarriersAhmedabad,9016825798,Gujarat
Jai Khodiyar RoadwaysAhmedabad,9824602135,Gujarat
Ashoka RoadlinesAgra,7060155025,Uttarpradesh
Dosti Road Carriers Pvt. Ltd.Ahmedabad,9824168416,Gujarat
Agra Madras RoadwaysAgra,9368258760,Uttarpradesh
Mangla Freight CarriersAhmedabad,9510979369,Gujarat
Super Fast CargoAhmedabad,9979110600,Delhi
Poona RoadlinesAhmedabad,9725550412,Gujarat
Maharashtra Gujarat RoadlinesAhmedabad,9099061734,Gujarat
Kamakshi RoadwaysAhmedabad,9426364887,Uttarpradesh
Haryana Tempo Service (Delhi)Ahmedabad,9375937081,Gujarat
Hemkunt Transport Co. (H.T.C.)Ahmedabad,7974400355,Uttarpradesh
Shri Maharashtra Golden Transport Co.Ahmedabad,9327009275,Gujarat
Singal Road CarriersAhmedabad,7925452831,Gujarat